album_id,title,artist_id
1,For Those About To Rock We Salute You,1
2,Balls to the Wall,2
3,Restless and Wild,2
4,Let There Be Rock,1
5,Big Ones,3
6,Jagged Little Pill,4
7,Facelift,5
8,Warner 25 Anos,6
9,Plays Metallica By Four Cellos,7
10,Audioslave,8
11,Out Of Exile,8
12,BackBeat Soundtrack,9
13,The Best Of Billy Cobham,10
14,Alcohol Fueled Brewtality Live! [Disc 1],11
15,Alcohol Fueled Brewtality Live! [Disc 2],11
16,Black Sabbath,12
17,Black Sabbath Vol. 4 (Remaster),12
18,Body Count,13
19,Chemical Wedding,14
20,The Best Of Buddy Guy - The Millenium Collection,15
21,Prenda Minha,16
22,Sozinho Remix Ao Vivo,16
23,Minha Historia,17
24,Afrociberdelia,18
25,Da Lama Ao Caos,19
26,Ac√∫stico MTV [Live],19
27,Cidade Negra - Hits,19
28,Na Pista,20